[
    {
      "id": 1,
      "name": "SpongeBob",
      "image": "https://upload.wikimedia.org/wikipedia/en/thumb/4/47/Spongebob-squarepants.svg/666px-Spongebob-squarepants.svg.png",
      "occupation": "Fry Cook",
      "location": "A Pineapple Under the Sea"
    },
    {
      "id": 2,
      "name": "Mr. Krabs",
      "image": "https://vignette3.wikia.nocookie.net/vsbattles/images/8/80/Mr._Krabs.png/revision/latest?cb=20150919162131",
      "occupation": "Restaurant Owner",
      "location": "A Giant Anchor"
    },
    {
      "id": 3,
      "name": "Squidward",
      "image": "https://vignette2.wikia.nocookie.net/fictionalcharacters/images/a/ac/Squidward.png/revision/latest?cb=20131121012626",
      "occupation": "Cashier",
      "location": "An Easter Island Head"
    },
    {
      "id": 4,
      "name": "Dexter",
      "image": "https://s-media-cache-ak0.pinimg.com/originals/fe/32/49/fe32495d45283cd6860ae122f0aeaad9.png",
      "occupation": "Boy Genius",
      "location": "A Secret Laboratory"
    },
    {
      "id": 5,
      "name": "Courage",
      "image": "https://vignette4.wikia.nocookie.net/vsbattles/images/3/39/Courage-0.png/revision/latest?cb=20160719055423",
      "occupation": "A Cowardly Dog",
      "location": "Nowhere, Kansas"
    },
    {
      "id": 6,
      "name": "Doug Funnie",
      "image": "https://vignette1.wikia.nocookie.net/doug/images/3/3b/Doug001.gif/revision/latest?cb=20110807170511",
      "occupation": "Student",
      "location": "Bluffington"
    },
    {
      "id": 7,
      "name": "Bugs Bunny",
      "image": "https://vignette2.wikia.nocookie.net/deathbattlefanon/images/2/2b/Bugs_Bunny.png/revision/latest?cb=20151206010607",
      "occupation": "Looney Toon",
      "location": "A Rabbit Burrow"
    },
    {
      "id": 8,
      "name": "Johnny Bravo",
      "image": "http://vignette3.wikia.nocookie.net/p__/images/9/9a/Johnny_Bravo.png/revision/latest?cb=20131031233339&path-prefix=protagonist",
      "occupation": "Ladies Man",
      "location": "Aron City"
    },
    {
      "id": 9,
      "name": "Tommy Pickles",
      "image": "https://vignette4.wikia.nocookie.net/uncyclopedia/images/e/e4/Tommy_Pickles.png/revision/latest?cb=20110530102641",
      "occupation": "Adventurer",
      "location": "California"
    },
    {
      "id": 10,
      "name": "Rocko",
      "image": "http://vignette3.wikia.nocookie.net/rockosmodernlife/images/9/9e/Rockos-modern-life-4e582a8f06a41.png/revision/latest?cb=20130522173416",
      "occupation": "Cashier",
      "location": "O-Town, California"
    },
    {
      "id": 11,
      "name": "Captain Planet",
      "image": "http://vignette2.wikia.nocookie.net/dragon-rap-battles/images/b/b6/Captain_Planet.png/revision/latest?cb=20160911200836",
      "occupation": "Superhero",
      "location": "Earth"
    },
    {
      "id": 12,
      "name": "Ickis",
      "image": "http://static.tvtropes.org/pmwiki/pub/images/ickis.png",
      "occupation": "Ahhhh! A Real Monster!",
      "location": "Under a City Dump"
    }
  ]
  